{
  "ca_total": 27491.629999999997,
  "ventes_total": "61",
  "note_moyenne_globale": 1.8633879781420766,
  "avis_total": 54.0,
  "produits_actifs": 61
}